title,authors,journal,bbk_dataset,dataset,paper,doi,url
How does P2P lending fit into the consumer credit market?,"Tasca P., de Roure C., Pelizzon L.",BBk Discussion Paper,ZISTA,dataset-012,Discussion_Paper_Tasca_deRoure_Pelizzon,10.2139/ssrn.2756191 ,https://ssrn.com/abstract=2756191
Moral Suasion in Regional Government Bond Markets,Ohls J.,BBk Discussion Paper,,dataset-432,Discussion_Paper_Ohls,,https://ssrn.com/abstract=3083988
International monetary policy spillovers through the bank funding channel,"Vogel U., Loeffler A., Segalla E., Valitova G., Lindner P.",BBk Discussion Paper,"AUSTA, BISTA","dataset-380,  dataset-013",Discussion_Paper_Vogel_Valitova_Loeffler_Segalla,10.1016/j.jimonfin.2018.08.012 ,https://ssrn.com/abstract=3250745
Cheap Talk? Financial Sanctions and Non-Financial Activity,"Nitsch V., Besedes T., Goldbach S.",BBk Discussion Paper,"SITS, USTAN","dataset-015, dataset-003",Discussion_Paper_Nitsch_Besedes_Goldbach,,https://ssrn.com/abstract=3183674
"Quantitative Easing, Portfolio Rebalancing and Credit Growth: Micro Evidence from Germany",Tischer J.,BBk Discussion Paper,,"dataset-432, dataset-433, dataset-013",Discussion_Paper_Tischer,,https://ssrn.com/abstract=3234184
"Asset Purchases, Bank Lending, and Security Holdings: The Yield-Induced Portfolio Rebalancing Channel",Paludkiewicz K.,BBk Discussion Paper,"BISTA, CSDB, SHS-BASE, GUV, ZISTA","dataset-013, dataset-388, dataset-432, dataset-385, dataset-012",Discussion_Paper_Paludkiewicz,,https://ssrn.com/abstract=3214522
A stress test framework for the German residential mortgage market - Methodology and Application,"Siemsen T., Vilsmeier J.",BBk Discussion Paper,,,Discussion_Paper_Siemsen_Vilsmeier,,https://ssrn.com/abstract=3097387
Banks' Trading after the Lehman Crisis - The Role of Unconventional Monetary Policy,"Tischer J., Podlich N., Schnabel I.",BBk Discussion Paper,,"dataset-432, dataset-434, dataset-388, dataset-433",Discussion_Paper_Podlich_Schnabel_Tischer,,https://ssrn.com/abstract=3002414
Bargaining power and outside options in the interbank lending market,"Abbassi P., Bräuning F., Schulze N.",BBk Discussion Paper,TARGET2,dataset-389,Discussion_Paper_Abbassi_Bräuning_Schulze,,https://ssrn.com/abstract=3065181
A Comprehensive View on Risk Reporting: Evidence From Supervisory Data,"Abbassi P., Schmidt M.",BBk Discussion Paper,"BISTA, MIMIK, SHS-BASE, GUV","dataset-013, dataset-005, dataset-432, dataset-385",Discussion_Paper_Abbassi_Schmidt,,https://ssrn.com/abstract=3015743
The Financial Market Effects of the ECB's Asset Purchase Programs,"Roth M., Lewis V.",BBk Discussion Paper,BISTA,dataset-013,Discussion_Paper_Lewis_Roth,,https://ssrn.com/abstract=3063310
Will German banks earn their cost of capital?,"Dombret A., Gündüz Y., Rocholl J.",BBk Discussion Paper,"GUV, ZISTA","dataset-385, dataset-012",Discussion_Paper_Dombret_Gündüz_Rocholl,,https://ssrn.com/abstract=2910286
The Role of Structural Funding for Stability in the German Banking Sector,"Schupp F., Silbermann L.",BBk Discussion Paper,,,Discussion_Paper_Schupp_Silbermann,,https://ssrn.com/abstract=2929408
Love and money with inheritance - marital sorting by labor income and inherited wealth in the modern partnership,"Zhu J., Pasteau E.",BBk Discussion Paper,PHF,dataset-382,Discussion_Paper_Pasteau_Zhu,,https://ssrn.com/abstract=3234187
Interbank Intermediation,"Bluhm M., Krahnen J., Georg C.",BBk Discussion Paper,"BISTA, MIMIK","dataset-013, dataset-005",Discussion_Paper_Bluhm_Georg_Krahnen,,https://ssrn.com/abstract=1188516
Why do banks bear interest rate risk?,Memmel C.,BBk Discussion Paper,"BAKIS, BISTA, ZISTA","dataset-006, dataset-013, dataset-012",Discussion_Paper_Memmel,,https://ssrn.com/abstract=1711002
A new perspective on the interest rate pass-through to non-maturing accounts,Sopp H.,BBk Discussion Paper,ZISTA,dataset-012,Discussion_Paper_Sopp,,
Vulnerable asset management? The case of mutual funds,"Fricke D., Fricke C.",BBk Discussion Paper,"MIMIK, SHS-BASE, IFS-BASE","dataset-005, dataset-432, dataset-383",Discussion_Paper_Fricke_C_Fricke_D,,https://ssrn.com/abstract=2866301
International Banking and Cross-Border Effects of Regulation: Lessons from Germany,"Ohls J., Tonzer L., Pramor M.",BBk Discussion Paper,"AUSTA, BISTA","dataset-380, dataset-013",Discussion_Paper_Ohls_Pramor_Tonzer,,https://ssrn.com/abstract=2848040
CDS and Credit: Testing the Small Bang Theory of the Financial Universe with Micro Data,"Gündüz Y., Ongena S., Tümer-Alkan G., Yu Y.",BBk Discussion Paper,,dataset-005,Discussion_Paper_Gündüz_Ongena_Yu_Tümer_Alkan,,https://ssrn.com/abstract=2607909
The Effect of Investing Abroad on Investment at Home,"Nagengast A., Goldbach S., Wamser G., Steinmüller E.",BBk Discussion Paper,"MIDI, USTAN","dataset-008, dataset-003",Discussion_Paper_Goldbach_Steinmüller_Nagengast_Wamser,,https://ssrn.com/abstract=483322
Banks’ Equity Stakes and Lending: Evidence from a Tax Reform,"Foos D., von Beschwitz B.",BBk Discussion Paper,"BAKIS, BISTA, MIMIK, USTAN","dataset-006, dataset-013, dataset-005, dataset-003",Discussion_Paper_Foos_von_Beschwitz,,https://ssrn.com/abstract=2870321
M-PRESS-CreditRisk: A holistic micro- and macro-prudential approach to capital requirements,"Slopek U., Tente N., Westernhagen N.",BBk Discussion Paper,"BAKIS, MIMIK","dataset-006, dataset-005",Discussion_Paper_Tente_von_Westernhagen_Slopek,,https://ideas.repec.org/p/zbw/bubdps/152017.html
Cross-border transmission of emergency liquidity,"Kick T., Koetter M., Storz M.",BBk Discussion Paper,"BAKIS, BISTA, ZISTA","dataset-006, dataset-013, dataset-012",Discussion_Paper_Koetter_Kick_Storz,,https://ssrn.com/abstract=2848047
Bank stress testing under different balance sheet assumptions,"Busch R., Drescher C., Memmel C.",BBk Discussion Paper,,dataset-434,Discussion_Paper_Busch_Drescher_Memmel,,https://ssrn.com/abstract=2956676
Cyclical investment behavior across financial institutions,Timmer Y.,BBk Discussion Paper,SHS-BASE,dataset-432,Discussion_Paper_Timmer,,https://ssrn.com/abstract=2696647
Fundamentals matter: Idiosyncratic shocks and interbank relations,"Bednarek P., Dinger V., Westernhagen N.",BBk Discussion Paper,"MIMIK, BISTA, BAKIS","dataset-005, dataset-013, dataset-006",Discussion_Paper_Bednarek_Dinger_von_Westernhagen,,https://ssrn.com/abstract=2797069
Arbitraging the Basel securitization framework: Evidence from German ABS investment,Efing M.,BBk Discussion Paper,SHS-BASE,dataset-432,Discussion_Paper_Efing,,https://ssrn.com/abstract=2527981
The winner's curse: Evidence on the danger of aggressive credit growth in banking,"Kick T., Pausch T., Ruprecht B.",BBk Discussion Paper,BAKIS,dataset-006,Discussion_Paper_Kick_Pausch_Ruprecht,,https://ssrn.com/abstract=2797057
Cutting the credit line: Evidence from Germany,"Goldbach S., Nitsch V.",BBk Discussion Paper,"MIMIK, USTAN, BAKIS","dataset-005, dataset-003, dataset-006",Discussion_Paper_Goldbach_Nitsch,,https://ssrn.com/abstract=2797050
Who trades on momentum?,"Baltzer M., Jank S., Smajlbegovic E.",BBk Discussion Paper,SHS-BASE,dataset-432,Discussion_Paper_Baltzer_Jank_Smajlbegovic,,https://ssrn.com/abstract=364000
Loan loss provisioning and procyclicality: Evidence from an expected loss model,"Domikowsky C., Bornemann S., Duellmann K., Pfingsten A.",BBk Discussion Paper,BAKIS,dataset-006,Discussion_Paper_Domikowsky_Duellmann_Bornemann_Pfingsten,,https://ssrn.com/abstract=2797018
Pro-cyclical capital regulation and lending,"Behn M., Haselmann R., Wachtel P.",BBk Discussion Paper,"MIMIK, BAKIS","dataset-006, dataset-005",Discussion_Paper_Behn_Haselmann_Wachtel,,https://ssrn.com/abstract=632687
A network analysis of the evolution of the German interbank market,"Roukny T., Georg C. , Battiston S.",BBk Discussion Paper,MIMIK,dataset-005,Discussion_Paper_Roukny_Georg_Battiston,,https://ssrn.com/abstract=2796998
"Interbank lending and distress: Observables, unobservables, and network structure","Craig B., Koetter M., Krüger U.",BBk Discussion Paper,BISTA,dataset-013,Discussion_Paper_Craig_Koetter_Krüger,,https://ssrn.com/abstract=2505190
"Wealth shocks, credit-supply shocks, and asset allocation: Evidence from household and firm portfolios","Kick T., Ruprecht B., Onali E., Schaeck K.",BBk Discussion Paper,SHS-BASE,dataset-432,Discussion_Paper_Kick_Ruprecht_Onali_Schaeck,,https://ssrn.com/abstract=2408449
"Market timing, maturity mismatch, and risk management: Evidence from the banking industry","Ruprecht B., Entrop O., Kick T., Wilkens M.",BBk Discussion Paper,BAKIS,dataset-006,Discussion_Paper_Ruprecht_Kick_Entrop_Wilkens,,https://ssrn.com/abstract=2396922
Changing forces of gravity: How the crisis affected international banking,"Buch C., Neugebauer K., Schröder C.",BBk Discussion Paper,AUSTA,dataset-380,Discussion_Paper_Buch_Neugebauer_Schröder,,https://ssrn.com/abstract=2385996
Cash holdings of German open-end equity funds: Does ownership matter?,"Dötz N., Weth M.",BBk Discussion Paper,IFS-BASE,dataset-383,Discussion_Paper_Doetz_Weth,,https://ssrn.com/abstract=2356827
Is proprietary trading detrimental to retail investors?,"Fecht F., Hackethal A., Karabulut Y.",BBk Discussion Paper,SHS-BASE,dataset-432,Discussion_Paper_Fecht_Hackethal_Karabulut,,https://ssrn.com/abstract=1783679
Precautionary motives in short-term cash management: Evidence from German POS transactions,"Eschelbach M., Schmidt T.",BBk Discussion Paper,,dataset-004,Discussion_Paper_Eschelbach_Schmidt,,https://ssrn.com/abstract=2796927
Testing the O-ring theory for FDI,"Engemann M., Lindemann H.",BBk Discussion Paper,MIDI,dataset-008,Discussion_Paper_Engemann_Lindemann,,https://ssrn.com/abstract=2796917
Evaluation of minimum capital requirements for bank loans to SMEs,"Düllmann K., Koziol P.",BBk Discussion Paper,USTAN,dataset-003,Discussion_Paper_Düllmann_Koziol,,https://ssrn.com/abstract=2796913
Does non-interest income make banks more risky? Retail- versus investment-oriented banks,Köhler M.,BBk Discussion Paper,BAKIS,dataset-006,Discussion_Paper_Köhler,,https://ssrn.com/abstract=2796907
The determinants of service imports: The role of cost pressure and financial constraints,"Biewen E., Harsch D., Spies J.",BBk Discussion Paper,"SITS, MIDI","dataset-015, dataset-008",Discussion_Paper_Biewen_Harsch_Spies,,https://ssrn.com/abstract=2796888
Tax incentives and capital structure choice: Evidence from Germany,"Hartmann-Wendels T., Stein I., Stöter A.",BBk Discussion Paper,BISTA,dataset-013,Discussion_Paper_Hartmann_Wendels_Stein_Stöter,,https://ssrn.com/abstract=2140896
The PHF: A comprehensive panel survey on household finances and wealth in Germany,"Kalckreuth U., Eisele M., Le Blanc J., Schmidt T., Zhu J.",BBk Discussion Paper,PHF,dataset-382,Discussion_Paper_von_Kalckreuth_Eisele_LeBlanc_Schmidt_Zhu,,https://ssrn.com/abstract=2796868
Bank-related loan supply factors during the crisis: An analysis based on the German bank lending survey,Blaes B.,BBk Discussion Paper,BLS,dataset-387,Discussion_Paper_Blaes,,https://ssrn.com/abstract=2785427
The use of tax havens in exemption regimes,"Gumpert A., Hines J., Schnitzer M.",BBk Discussion Paper,MIDI,dataset-008,Discussion_Paper_Gumpert_Hines_Schnitzer,,https://ssrn.com/abstract=1971468
"Crises, rescues, and policy transmission through international banks","Buch C., Koch C., Koetter M.",BBk Discussion Paper,AUSTA,dataset-380,Discussion_Paper_Buch_Koch_Koetter,,https://ssrn.com/abstract=2195508
Improvements in rating models for the German corporate sector,Förstemann T.,BBk Discussion Paper,USTAN,dataset-003,Discussion_Paper_Förstemann,,https://ssrn.com/abstract=2794066
"Portfolio holdings in the euro area - home bias and the role of international, domestic and sector-specific factors","Jochem A., Volz U.",BBk Discussion Paper,SHS-BASE,dataset-431,Discussion_Paper_Jochem_Volz,,https://ssrn.com/abstract=2785398
Are there disadvantaged clienteles in mutual funds?,Jank S.,BBk Discussion Paper,SHS-BASE,dataset-431,Discussion_Paper_Jank,,https://ssrn.com/abstract=2794053
Do specialization benefits outweigh concentration risks in credit portfolios of German banks?,"Böve R., Düllmann K., Pfingsten A.",BBk Discussion Paper,VJKRE,dataset-381,Discussion_Paper_Jank,,https://ssrn.com/abstract=2794048
Do banks benefit from internationalization? Revisiting the market power-risk nexus,"Buch C., Koch C., Koetter M. ",BBk Discussion Paper,AUSTA,dataset-380,Discussion_Paper_Koch_Koetter_Buch,,https://ssrn.com/abstract=2794047
What drives portfolio investments of German banks in emerging capital markets?,Wildmann C.,BBk Discussion Paper,AUSTA,dataset-380,Discussion_Paper_Wildmann,,https://ssrn.com/abstract=2794042
Exports versus FDI revisited: does finance matter?,"Buch C., Kesternich I., Lipponer A., Schnitzer M.",BBk Discussion Paper,MIDI,dataset-008,Discussion_Paper_Buch_Kesternich_Lipponer_Schnitzer,,https://ssrn.com/abstract=2785367
"Tax vs. Regulation Policy and the Location of ,Financial Sector FDI*","Julia Merz, Michael Overesch, Georg Wamser","CESifo Working Paper Series No. 5500, available at SSRN Electronic Journal: https://ssrn.com/abstract=2669368",MIDI,dataset-008,Working_Paper_Merz_Overesch_Wamser,,https://ssrn.com/abstract=2669368
Environmental Regulation and Foreign Direct Investment: The Role of the Mode of Entry,"Sylwia Bialek, Alfons J. Weichenrieder","CESifo DICE Report 4/2015, pp. 41-47",MIDI,dataset-008,,,https://ideas.repec.org/a/ces/ifodic/v13y2016i04p41-47.html
European climate policy and industrial relocation: Evidence from German multinational firms,"Nicolas Koch, Houdou Basse Mama",available at SSRN Electronic Journal : https://ssrn.com/abstract=2868283,MIDI,dataset-008,,,https://ssrn.com/abstract=2868283
Tax Influence on Financial Structures of M&As,Christoph Harendt,ZEW Discussion Paper (No. 18-004),MIDI,dataset-008,Working_Paper_Harendt,,https://ssrn.com/abstract=423483
Corporation Taxes and the Debt Policy of Multinational Firms – Evidence from German Multinationals,"Büttner, T, M Overesch, U Schreiber and G Wamser",Working Paper,MIDI,dataset-008,Working_Paper_Büttner_Overesch_Wamser_Schreiber,,https://www.researchgate.net/publication/271877664_Corporation_taxes_and_the_debt_policy_of_multinational_firms
Tax Status and Tax Response Heterogeneity of Multinationals’ Dept Finance,"Büttner, T, M Overesch and G Wamser",Working Paper,MIDI,dataset-008,Working_Paper_Büttner_Overesch_Wamser,,http://www.tax.mpg.de/fileadmin/user_upload/BOW_06012010.pdf
"Bilateral Internal Debt Financing, Tax Planning, and the Effectiveness of Anti-Tax Avoidance Rules","Overesch, M and G Wamser",Working Paper,MIDI,dataset-008,,,https://www.researchgate.net/publication/228814423_Bilateral_Internal_Debt_Financing_Tax_Planning_and_the_Effectiveness_of_Anti-Avoidance_Rules
How Low Business Tax Rates Attract Multinational Headquarters: Municipality-Level Evidence from Germany,"Becker, S, P Egger and V Merlo ",CESifo Working Paper No. 2517,MIDI,dataset-008,Working_Paper_Becker_Egger_Merlo,,https://ssrn.com/abstract=1327685
Intercompany Loans and Profit Shifting – Evidence from Company-Level Data,"Büttner, T and G Wamser ",Working Paper,MIDI,dataset-008,Working_Paper_Buettner_Wamser,,https://ssrn.com/abstract=981120
Why is the Response of Multinationals’ Capital Structure Choice to Tax Incentives That Low? Some Possible Explanations,"Ruf, M",Working Paper,MIDI,dataset-008,,,https://ideas.repec.org/a/mhr/finarc/urnsici0015-2218(291106)672_123witrom_2.0.tx_2-4.html
The Taxation of Passive Foreign Investment: Lessons from German Experience,"Ruf, M and A Weichenrieder",Working Paper,MIDI,dataset-008,Working_Paper_Ruf_Weichenrieder,,https://ssrn.com/abstract=1392203
Network and Border Effects: Where Do Foreign Multinationals Locate in Germany?,"Spies, J",Working Paper,MIDI,dataset-008,Working_Paper_Spies,,https://bruegel.org/wp-content/uploads/2015/09/EFIGEWP24.pdf
How Can Firms choose their Leverage? – Tax Planning for Implementing Tax Induced Debt Finance,"Ruf, M",Working Paper,MIDI,dataset-008,,,https://ssrn.com/abstract=1290663
Thin-capitalization rules and company responses: Experience from German legislation,"Weichenrieder, A J and H Windischbauer ",Working Paper,MIDI,dataset-008,Working_Paper_Weichenrieder_Windischbauer,,https://ssrn.com/abstract=1299533
What determines the use of holding companies and ownership chains?,"Weichenrieder, J and J M Mintz",Working Paper,MIDI,dataset-008,Working_Paper_Weichenrieder_Mintz,,https://www.researchgate.net/publication/4799441_What_determines_the_use_of_holding_companies_and_ownership_chains
"Offshoring and the Onshore Composition of Occupations, Tasks and Skills","Becker, S. O., K. Ekholm, and M.-A. Muendler",Working Paper,MIDI,dataset-008,Working_Paper_Becker_Ekholm_Muendler,,https://ssrn.com/abstract=1469870
Who Goes East? The Impact of Enlargement on the Patterns of German FDI,"Buch, C.M., and J. Kleinert.",Working Paper,MIDI,dataset-008,Working_Paper_Buch_Kleinert,,https://ssrn.com/abstract=904318
Transfer Pricing of Intrafirm Sales as a Profit Shifting Channel - Evidence from German Firm Data,"Overesch, M",Working Paper,MIDI,dataset-008,Working_Paper_Overesch,,https://ssrn.com/abstract=955758
 Taxes and the financial structure of German outbound FDI,"Mintz, J., and A.J. Weichenrieder",Working Paper,MIDI,dataset-008,Working_Paper_Mintz_Weichenrieder,,https://www.ifo.de/DocDL/cesifo1_wp1612.pdf
Zur Finanziellen Bildung der Privaten Haushalte in Deutschland: Ergebnisse der Studie “Private Haushalte und ihre Finanzen (PHF)“,"Schmidt T., Tzamourani P.",DIW Vierteljahreshefte zur Wirtschaftsforschung,PHF,dataset-382,,,
An analysis of the consistency of banks’ internal ratings,"Berg T., Koziol P.",Journal of Banking and Finance,MIMIK,dataset-005,,,https://ssrn.com/abstract=906549
Combined Firm Data for Germany - Possibilities and Consequences of Merging Firm Data from Different Data Producers,"Biewen E., Gruhl A., Gürke C., Hethey-Maier T., Weiß E.",Schmollers Jahrbuch,"MIDI, USTAN","dataset-008, dataset-003",,,https://ideas.repec.org/a/aeq/aeqsjb/v132_y2012_i3_q3_p361-377.html
KombiFiD: A First Glimpse of the Bundesbank Data,Biewen E.,Schmollers Jahrbuch,"MIDI, USTAN","dataset-008, dataset-003",,,https://ideas.repec.org/a/aeq/aeqsjb/v132_y2012_i3_q3_p405-418.html
Extra Credit: Bank Finance and Firm Export Status in Germany,"Goldbach S., Nitsch V.",World Economy,"MIMIK, USTAN","dataset-005, dataset-003",Working_Paper_Goldbach_Nitsch,,https://ssrn.com/abstract=2472497
Why does bank credit not drive money in Germany (any more)?,"Kuzin V., Schobert F.",Economic Modelling,BISTA,dataset-013,Working_Paper_Kuzim_Schobert,,https://ssrn.com/abstract=966399
The payout behavior of German savings banks,Köhler M.,Credit and Capital Markets,BISTA,dataset-013,Working_Paper_Köhler,,https://ideas.repec.org/p/zbw/bubdps/242016.html
German Banks in Financial Centers: How Risky is Their Business?,Kerl C.,The Journal of Financial Perspectives,"AUSTA, BISTA","dataset-380, dataset-013",,,https://ssrn.com/abstract=3154349
What Determines the Composition of International Bank Flows?,"Kerl C., Niepmann F.",IMF Economic Review,"AUSTA, BISTA","dataset-380, dataset-013",,,https://ssrn.com/abstract=196028
International Banking and Liquidity Risk Transmission: Evidence from Germany,"Kerl C., Koch C.",IMF Economic Review,"AUSTA, BISTA","dataset-380, dataset-013",,,https://ideas.repec.org/a/pal/imfecr/v63y2015i3p496-514.html
Price Level Changes and the Redistribution of Nominal Wealth Across the Euro Area,"Zhu J., Adam K.",Journal of the European Economic Association,PHF,dataset-382,,,https://ssrn.com/abstract=2666983
You’re banned! The effect of sanctions on German cross-border financial flows,"Besedes T., Goldbach S., Nitsch V.",Economic Policy (formerly: Economic Policy: A European Forum),SITS,dataset-015,,,https://ssrn.com/abstract=2797085
Do all new brooms sweep clean? Evidence for outside bank appointments,"Kick T., Nehring I., Schertler A.",Journal of Banking and Finance,BAKIS,dataset-006,Working_Paper_Kick_Nehring_Schertler,,https://ssrn.com/abstract=3044342
Banks' Interest Rate Risk and Search for Yield: A Theoretical Rationale and Some Empirical Evidence,"Memmel C., Seymen A., Teichert M.",GERMAN Economic Review,"BISTA, BAKIS, GUV","dataset-013, dataset-006, dataset-385",Working_Paper_Memmel_Seymen_Teichert,,https://ssrn.com/abstract=2807293
The influence of an up-front experiment on respondents' recording behaviour in payment diaries: Evidence from Germany,"Sieber S., Schmidt T.",Journal of Official Statistics,PaymentSurvey,,Working_Paper_Sieber_Schmidt,,https://ssrn.com/abstract=2797068
Cyclicality of SME lending and government involvement in banks,"Behr P., Foos D., Norden L.",Journal of Banking and Finance,"BISTA, GUV","dataset-013, dataset-385",Working_Paper_Behr_Foos_Norden,,https://ssrn.com/abstract=2640679
The credit quality channel: Modeling contagion in the interbank market,"Fink K., Krüger U., Meller B., Wong L.",Journal of Financial Stability,MIMIK,dataset-005,Working_Paper_Fink_Krüger_Meller_Wong,,https://ssrn.com/abstract=2797063
Bracket creep revisited - with and without r>g: Evidence from Germany,Zhu J.,Journal of Income Distribution,PHF ,dataset-382,Working_Paper_Zhu,,https://ssrn.com/abstract=2696932
"Do exposures to sagging real estate, subprime or conduits abroad lead to contraction and flight to quality in bank lending at home?","Ongena S., Tümer-Alkan G., Westernhagen N.",Review of Finance (formerly: European Finance Review),"BAKIS, BISTA, MIMIK","dataset-006, dataset-013, dataset-005",Working_Paper_Ongena_Tümer-Alkan_vonWesternhagen,,https://ssrn.com/abstract=2734718
Securities trading by banks and credit supply: Micro-evidence,"Abbassi P., Iyer R., Peydró J., Tous F.",Journal of Financial Economics,"BISTA, BAKIS, BISTA, MIMIK, SHS-BASE, MIMIK","dataset-013, dataset-006, dataset-005, dataset-431",Working_Paper_Abbassi_Ilyer_Peydró_Tous,,https://ssrn.com/abstract=2570763
Centrality-based capital allocations,"Alter A., Craig B., Raupach P.",International Journal of Central Banking,"BAKIS, BISTA, VJKRE, MIMIK","dataset-006, dataset-013, dataset-381, dataset-005",Working_Paper_Alter_Craig_Raupach,,https://ssrn.com/abstract=2450788
Taxing banks: An evaluation of the German bank levy,"Buch C., Hilberg B., Tonzer L.",Journal of Banking and Finance,"BISTA, GUV, ZISTA","dataset-013, dataset-385, dataset-012",Working_Paper_Buch_Hilberg_Tonzer,,https://ssrn.com/abstract=2425501
Quantifying the components of the banks' net interest margin,"Busch R., Memmel C. ",Financial Markets and Portfolio Management (formerly: Finanzmarkt und Portfolio Management),"BISTA, GUV, BAKIS","dataset-013, dataset-385, dataset-006",Working_Paper_Busch_Memmel,,https://ssrn.com/abstract=2796989
Consumer cash usage: A cross-country comparison with payment diary survey data,"Bagnall J., Bounie D., Huynh K., Kosse A., Schmidt T., Schuh S., Stix H.",International Journal of Central Banking,PaymentSurvey,,Working_Paper_Bagnall_et_al,,https://ssrn.com/abstract=2436365
Earnings baths by bank CEOs during turnovers,"Bornemann S., Pfingsten A., Kick T., Schertler A.",Journal of Banking and Finance,BAKIS,dataset-006,Working_Paper_Bornemann_Pfingsten_Kick_Schertler,,https://ssrn.com/abstract=2456228
The role of interbank relationships and liquidity needs,"Craig B., Fecht F., Tümer-Alkan G.",Journal of Banking and Finance,"MIMIK, BISTA","dataset-005, dataset-013",Working_Paper_Craig_Fecht_Tümer-Alkan,,https://ssrn.com/abstract=1188516
Bank risk taking and competition: Evidence from regional banking markets,"Kick T., Prieto Fernandez E.",Review of Finance (formerly: European Finance Review),BISTA,dataset-013,Working_Paper_Kick_Prieto,,https://ssrn.com/abstract=2796924
Banks and sovereign risk: A granular view,"Buch C., Koetter M., Ohls J.",Journal of Financial Stability,"BISTA, BAKIS, SHS-BASE, GUV","dataset-013, dataset-006, dataset-431, dataset-385",Working_Paper_Buch_Koetter_Ohls,,https://ssrn.com/abstract=2666510
Is local bias a cross-border phenomenon? Evidence from individual investors' international asset allocation,"Baltzer M., Stolper O., Walter A.",Journal of Banking and Finance,SHS-BASE,dataset-431,Working_Paper_Baltzer_Stolper_Walter,,https://ssrn.com/abstract=2200821
Repo funding and internal capital markets in the financial crisis,Kerl C.,BBk Discussion Paper,BISTA,dataset-013,Working_Paper_Kerl_,,https://ssrn.com/abstract=2796912
Diversification and determinants of international credit portfolios: Evidence from German banks,"Böninghausen B., Köhler M.",International Review of Economics and Finance,AUSTA,dataset-380,Discussion_Paper_Böninghausen_Köhler,,https://ssrn.com/abstract=2796883
Determinants of bank interest margins: Impact of maturity transformation,"Entrop O., Memmel C., Ruprecht B., Wilkens M.",Journal of Banking and Finance,BISTA,dataset-013,Working_Paper_Entrop_Memmel_Ruprecht_Wilkens,,https://ssrn.com/abstract=2796872
Home-field advantage or a matter of ambiguity aversion? Local bias among German individual investors,"Baltzer M., Stolper O., Walter A.",European Journal of Finance,SHS-BASE,dataset-431,Working_Paper_Baltzer_Stolper_Walter,,https://ssrn.com/abstract=2171248
"Using cash to monitor liquidity: Implications for payments, currency demand and withdrawal behavior","Kalckreuth U., Schmidt T., Stix H.","Journal of Money, Credit and Banking",PaymentSurvey,,Working_Paper_vonKalckreuth_Schmidt_Stix,,https://ssrn.com/abstract=1932608
Contagion in the interbank market and its determinants,"Memmel C., Sachs A.",Journal of Financial Stability,BAKIS,dataset-006,Working_Paper_Memmel_Sachs,,https://ssrn.com/abstract=913691
Bank management of the net interest margin: new measures,"Memmel C., Schertler A.",Financial Markets and Portfolio Management (formerly: Finanzmarkt und Portfolio Management),"BISTA, BAKIS, GUV","dataset-013, dataset-006, dataset-385",Working_Paper_Memmel_Schertler,,https://ssrn.com/abstract=632532
Are banks using hidden reserves to beat earnings benchmarks? Evidence from Germany,"Bornemann S., Kick T., Memmel C., Pfingsten A.",Journal of Banking and Finance,BAKIS,dataset-006,Working_Paper_Bornemann_Memmel_Kick_Pfingsten,,https://ssrn.com/abstract=2794052
"Banks' exposure to interest rate risk, their earnings from term transformation, and the dynamics of the term structure",Memmel C.,Journal of Banking and Finance,"BISTA, BAKIS","dataset-013, dataset-006",Working_Paper_Memmel_2,,https://ssrn.com/abstract=2794045
Purchase and redemption decisions of mutual fund investors and the role of fund families,"Jank S., Wedow M.",European Journal of Finance,IFS-BASE,dataset-383,Working_Paper_Jank_Wedow,,https://ssrn.com/abstract=1630354
Choosing and using payment instruments: evidence from German microdata,"Kalckreuth U., Schmidt T., Stix H.",Empirical Economics,PaymentSurvey,,Working_Paper_vonKalckreuth_Schmidt_Stix,,https://ssrn.com/abstract=1529285
Financial constraints and the margins of FDI,"Buch C., Kesternich I., Lipponer A., Schnitzer M.",BBk Discussion Paper,MIDI,dataset-008,Working_Paper_Buch_Kesternich_Lipponer_Schnitzer,,https://ssrn.com/abstract=1534905
Export-Supporting FDI,Krautheim S.,BBk Discussion Paper,MIDI,dataset-008,Working_Paper_Krautheim,,https://ssrn.com/abstract=623885
Does lowering dividend tax rates increase dividends repatriated?: evidence of intra-firm cross-border dividend repatriation policies by German Multinational Enterprises,"Leibrecht M., Bellak C., Wild M.",BBk Discussion Paper,"MIDI,SITS","dataset-008, dataset-015",Working_Paper_Bellak_Leibrecht_Wild,,https://ssrn.com/abstract=1672689
The cross-section of firms over the business cycle: new facts and a DSGE exploration,"Bachmann R., Bayer C.",BBk Discussion Paper,USTAN,dataset-003,Working_Paper_Bachmann_Bayer,,https://ssrn.com/abstract=1487989
What macroeconomic shocks affect the German banking system? Analysis in an integrated micro-macro model,"Blank S., Dovern J.",BBk Discussion Paper,"BISTA, SRP","dataset-013, dataset-434",Working_Paper_Blank_Dovern,,https://ssrn.com/abstract=2794037
Firm-specific productivity risk over the business cycle: facts and aggregate implications,"Bachmann R., Bayer C.",BBk Discussion Paper,USTAN,dataset-003,Working_Paper_Bachmann_Bayer_2,,https://ssrn.com/abstract=1504531
The dependency of the banks' assets and liabilities: evidence from Germany,"Memmel C., Schertler A.",European Financial Management,"BISTA, BAKIS, BISTA, GUV","dataset-013, dataset-006, dataset-385",Working_Paper_Memmel_Schertler,,https://ssrn.com/abstract=2794036
"Margins of international banking: is there a productivity pecking order in banking, too?","Buch C., Koch C., Koetter M.",BBk Discussion Paper,"AUSTA, BISTA, GUV","dataset-380, dataset-013, dataset-385",Working_Paper_Buch_Koch_Koetter,,https://ssrn.com/abstract=1532693
"Visible Reserves in Banks – Determinants of Initial Creation, Usage and Contribution to Bank Stability","Bornemann S., Homölle S., Hubensack C., Kick T., Pfingsten A.",Journal of Business Finance and Accounting,BAKIS,dataset-006,,,https://ssrn.com/abstract=2472220
Determinants for using visible reserves in German banks: an empirical study,"Bornemann S., Homölle S., Hubensack C., Kick T., Pfingsten A.",BBk Discussion Paper,BAKIS,dataset-006,Working_Paper_Bornemann_Homölle_Hubensack_Kick_Pfingsten,,https://ssrn.com/abstract=2794034
The dark and the bright side of liquidity risks: evidence from open-end real estate funds in Germany,"Fecht F., Wedow M.",BBk Discussion Paper,IFS-BASE,dataset-383,Working_Paper_Fecht_Wedow,,https://ssrn.com/abstract=1487085
Income Structure and Bank Business Models: Evidence on Performance and Stability from the German Banking Industry,"Busch R., Kick T.",Schmalenbach Business Review,BAKIS,dataset-006,Working_Paper_Busch_Kick,,https://link.springer.com/content/pdf/10.1007/BF03396875.pdf
Why do savings banks transform sight deposits into illiquid assets less intensively than the regulation allows?,"Holl D., Schertler A.",BBk Discussion Paper,BISTA,dataset-013,Working_Paper_Holl_Schertler,,https://ssrn.com/abstract=2794028
Shocks at large banks and banking sector distress: the Banking Granular Residual,"Blank S., Buch C. , Neugebauer K.",BBk Discussion Paper,SRP,dataset-434,Working_Paper_Blank_Buch_Neugebauer,,https://ssrn.com/abstract=2794027
The effects of privatization and consolidation on bank productivity: comparative evidence from Italy and Germany,"Fiorentino E., Vincenzo A., Heid F., Karmann A., Koetter M. ",BBk Discussion Paper,"BISTA, GUV","dataset-013, dataset-385",Working_Paper_Fiorentino_deVincenzo_Karmann_Koetter,,https://ssrn.com/abstract=1523644
Who is afraid of political risk? Multinational firms and their choice of capital structure,"Kesternich I., Schnitzer M.",BBk Discussion Paper,MIDI,dataset-008,Working_Paper_Kesternicht_Schnitzer,,https://ssrn.com/abstract=1712384
The price of liquidity: bank characteristics and market conditions,"Fecht F., Nyborg K., Rocholl J.",BBk Discussion Paper,BISTA,dataset-013,Working_Paper_Fecht_Nyborg_Rocholl,,https://ssrn.com/abstract=2865612
Sturm und Drang in money market funds: when money market funds cease to be narrow,"Jank S., Wedow M.",BBk Discussion Paper,IFS-BASE,dataset-383,Working_Paper_Jank_Wedow_2,,https://ssrn.com/abstract=1333024
Real estate markets and bank distress,"Koetter M., Poghosyan T.",BBk Discussion Paper,"BISTA. GUV, MIMIK","dataset-013, dataset-385",Working_Paper_Koetter_Poghosyan,,https://ssrn.com/abstract=441981
Stress testing of real credit portfolios,"Mager F., Schmieder C.",BBk Discussion Paper,MIMIK,dataset-005,Working_Paper_Mager_Schmieder,,https://ssrn.com/abstract=2794020
The implications of latent technology regimes for competition and efficiency in banking,"Koetter M., Poghosyan T.",BBk Discussion Paper,BISTA,dataset-013,Working_Paper_Poghosyan_Koetter,,https://ssrn.com/abstract=2794018
Foreign (in)direct investment and corporate taxation,Wamser G.,BBk Discussion Paper,MIDI,dataset-008,Working_Paper_Wamser,,https://ssrn.com/abstract=281070
Great moderation at the firm level? Unconditional versus conditional output volatility,"Buch C., Döpke J., Stahn K.",BBk Discussion Paper,USTAN,dataset-003,Working_Paper_Buch_Döpke_Stahn,,https://ssrn.com/abstract=2785311
Which interest rate scenario is the worst one for a bank? Evidence from a tracking bank approach for German savings and cooperative banks,Memmel C.,International Journal of Banking Account and Finance,BISTA,dataset-013,Working_Paper_Memmel_2,,https://ssrn.com/abstract=2794011
The success of bank mergers revisited: an assessment based on a matching strategy,"Heid F., Behr A.",BBk Discussion Paper,"BISTA, GUV, ZentK","dataset-013, dataset-385, dataset-386",Working_Paper_Behr_Heid,,https://ssrn.com/abstract=1141842
Monetary policy and financial (in)stability: An integrated micro–macro approach,"De Graeve F., Kick T.",Journal of Financial Stability,"BISTA, GUV, ZentK","dataset-013, dataset-385, dataset-386",Discussion_Paper_DeGraeve_Kick_2,,https://www.suomenpankki.fi/globalassets/en/research/seminars-and-conferences/conferences-and-workshops/documents/jfs2007/jfs2007_degraevekickkoetter_paper.pdf
The impact of thin-capitalization rules on multinationals' financing and investment decisions,"Büttner T., Overesch M., Schreiber U., Wamser G.",BBk Discussion Paper,MIDI,dataset-008,Working_Paper_Büttner_Overesch_Schreiber_Wamser_2,,https://ssrn.com/abstract=935220
Analyzing the interest rate risk of banks using time series of accounting-based data: evidence from Germany,"Wilkens M., Memmel C., Entrop O., Zeisler A.",BBk Discussion Paper,BISTA,dataset-013,Working_Paper_Entrop_Memmel_Wilkens_Zeisler,,https://ssrn.com/abstract=2794005
Volatile multinationals? Evidence from the labor demand of German firms,"Buch C., Lipponer A.",BBk Discussion Paper,MIDI,dataset-008,Working_Paper_Buch_Lipponer_2,,https://ssrn.com/abstract=2785297
"Corporate marginal tax rate, tax loss carryforwards and investment functions: empirical analysis using a large German panel data set",Ramb F.,BBk Discussion Paper,USTAN,dataset-003,Working_Paper_Ramb,,https://ssrn.com/abstract=936900
Creditor concentration: an empirical investigation,"Ongena S., Tümer-Alkan G., Westernhagen N.",BBk Discussion Paper,"USTAN, BAKIS, MIMIK","dataset-003, dataset-006, dataset-005",Working_Paper_Ongena_Tümer-Alkan_vonWesternhagen_2,,https://ssrn.com/abstract=1010353
Relationship lending: empirical evidence for Germany,"Schmieder C., Memmel C., Stein I.",BBk Discussion Paper,"USTAN, BAKIS, MIMIK","dataset-003, dataset-006, dataset-005",Working_Paper_Memmel_Schmieder_Stein,,https://ssrn.com/abstract=277229
Banking consolidation and small businessfinance: empirical evidence for Germany,"Marsch K., Schmieder C., Forster-van Aerssen K.",BBk Discussion Paper,"USTAN, BAKIS, MIMIK","dataset-003, dataset-006, dataset-005",Working_Paper_Marsch_Schmieder_vanAerssen,,https://ssrn.com/abstract=2793994
How do banks adjust their capital ratios? Evidence from Germany,"Memmel C., Raupach P.",Journal of Financial Intermediation,BAKIS,dataset-006,Working_Paper_Memmel_Raupach_2,,https://ssrn.com/abstract=2793991
Diversification and the banks' risk-return-characteristics: evidence from loan portfolios of German banks,"Behr A., Kamp A., Memmel C., Pfingsten A.",BBk Discussion Paper,BAKIS,dataset-006,Working_Paper_Behr_Kamp_Memmel_Pfingsten,,https://ssrn.com/abstract=906448
Slippery slopes of stress: ordered failure events in German banking,"Koetter M., Kick T. ",Journal of Financial Stability,"BISTA, GUV, ZentK","dataset-013, dataset-385, dataset-386",Working_Paper_Kick_Koetter,,https://ssrn.com/abstract=963658
"Efficient, profitable and safe banking: an oxymoron? Evidence from a panel VAR approach","Koetter M., Porath D.",BBk Discussion Paper,"BISTA, GUV","dataset-013, dataset-385",Working_Paper_Koetter_Porath,,https://ssrn.com/abstract=2793987
Granularity adjustment for Basel II,"Lütkebohmert E., Gordy M.",BBk Discussion Paper,MIMIK,dataset-005,Working_Paper_Gordy_Lütkebohmer,,https://ssrn.com/abstract=855084
Industries and the bank lending effects of bank credit demand and monetary policy in Germany,"Arnold I., Kool C., Raabe K.",BBk Discussion Paper,"BISTA, MIMIK","dataset-013, dataset-005",Working_Paper_Arnold_Kool_Raabe,,https://ssrn.com/abstract=2785275
Does trade openness increase firm-level volatility?,"Strotmann H., Döpke J., Buch C.",BBk Discussion Paper,USTAN,dataset-003,Working_Paper_Buch_Döpke_Strotmann,,https://ssrn.com/abstract=2778600
The within-distribution business cycle dynamics of German firms,"Weber S., Döpke J.",BBk Discussion Paper,USTAN,dataset-003,Working_Paper_Döpke_Weber,,https://ssrn.com/abstract=2785256
Margins of multinational labor substitution,"Mündler M., Becker S.",BBk Discussion Paper,"MIDI, USTAN","dataset-008, dataset-003",Working_Paper_Becker_Mündler_2,,https://ssrn.com/abstract=903867
How would formula apportionment in the EU affect the distribution and the size of the corporate tax base? An analysis based on German multinationals,"Fuest C., Hemmelgarn T., Ramb F.",BBk Discussion Paper,MIDI,dataset-008,Working_Paper_Fuest_Hemmelgarn_Ramb,,https://ssrn.com/abstract=854909
Internalization and internationalization under copeting real options,Fisch J.,BBk Discussion Paper,MIDI,dataset-008,Working_Paper_Fisch,,https://ssrn.com/abstract=2785241
Foreign direct investment in the enlarged EU: do taxes matter and to what extent?,Wolff G.,BBk Discussion Paper,MIDI,dataset-008,Working_Paper_Wolff,,https://ssrn.com/abstract=2785238
The cost efficiency of German banks: a comparison of SFA and DEA,"Koetter M., Karmann A., Fiorentino E.",BBk Discussion Paper,"BISTA, GUV","dataset-013, dataset-385",Working_Paper_Fiorentino_Karmann_Koetter,,https://ssrn.com/abstract=947340
Sector concentration in loan portfolios and economic capital,"Masschelein N., Düllmann K",BBk Discussion Paper,MIMIK,dataset-005,Working_Paper_Düllmann_Masschelein,,https://ssrn.com/abstract=1687615
The stability of efficiency rankings when risk-preferences and objectives are different,Koetter M.,BBk Discussion Paper,"BISTA, GUV","dataset-013, dataset-385",Working_Paper_Koetter,,https://ssrn.com/abstract=2793981
"Banks' regulatory buffers, liquidity networks and monetary policy transmission","Merkl C., Stolz S.",BBk Discussion Paper,BAKIS,dataset-006,Working_Paper_Merkl_Stolz,,https://ssrn.com/abstract=2793911
Does diversification improve the performance of German banks? Evidence from individual bank loan portfolios,"Westernhagen N., Porath D., Hayden E.",BBk Discussion Paper,"BAKIS, MIMIK","dataset-006, dataset-005",Working_Paper_Hayden_Porath_vonWesternhagen,,https://ssrn.com/abstract=918852
Heterogeneity in lending and sectoral growth: evidence from German bank-level data,"Schertler A., Buch C., Westernhagen N.",BBk Discussion Paper,"BAKIS, MIMIK, BISTA","dataset-006, dataset-005, dataset-013",Working_Paper_Buch_Schertler_vonWesternhagen,,https://ssrn.com/abstract=2793979
Exports versus FDI in German manufacturing: firm performance and participation in international markets,"Arnold J., Hussinger K.",BBk Discussion Paper,MIDI,dataset-008,Working_Paper_Arnold_Hussinger,,https://ssrn.com/abstract=2785230
Going multinational: What are the effects on home market performance?,Jäckle R.,BBk Discussion Paper,"USTAN, MIDI","dataset-003, dataset-008",Working_Paper_Jäckle,,https://ssrn.com/abstract=2785229
Finance and growth in a bank-based economy: is it quantity or quality that matters?,"Koetter M., Wedow M.",BBk Discussion Paper,MIMIK,dataset-005,Working_Paper_Koetter_Wedow,,https://ssrn.com/abstract=909561
Trade balances of the central and east European EU member states and the role of foreign direct investment,"Herrmann S., Jochem A.",BBk Discussion Paper,MIDI,dataset-008,Working_Paper_Herrmann_Jochem,,https://ssrn.com/abstract=2785224
The cross-sectional dynamics of German business cycles: a bird's eye view,"Döpke J., Funke M., Holly S., Weber S.",BBk Discussion Paper,USTAN,dataset-003,Working_Paper_Döpke_Funke_Holly_Weber,,https://ssrn.com/abstract=2785206
Inefficient or just different? Effects of heterogeneity on bank efficiency scores,"Bos J., Heid F., Koetter M., Kolari J., Kool C.",BBk Discussion Paper,"BISTA, GUV","dataset-013, dataset-385",Working_Paper_Bos_Heid_Koetter_Kolari_Kool,,https://ssrn.com/abstract=886481
Time series properties of a rating system based on financial ratios,"Krüger U., Stötzel M., Trück S.",BBk Discussion Paper,USTAN,dataset-003,Working_Paper_Krüger_Stötzel_Trück,,https://ssrn.com/abstract=2793973
Evaluating the German bank merger wave,Koetter M.,BBk Discussion Paper,"BISTA, GUV, ZentK","dataset-013, dataset-385, dataset-386",Working_Paper_Koetter_M,,https://ssrn.com/abstract=726408
The eurosystem money market auctions: a banking perspective,"Bartzsch N., Craig B., Fecht F.",BBk Discussion Paper,BISTA,dataset-013,Working_Paper_Bartzsch_Craig_Fecht,,https://ssrn.com/abstract=1025523
Accounting for distress in bank mergers,"Koetter M., Bos J., Heid F., Kool C., Kolari J., Porath D.",BBk Discussion Paper,"BISTA, GUV, ZentK","dataset-013, dataset-385, dataset-386",Working_Paper_Koetter_Bos_Heid_Kool_Kolari_Porath,,https://ssrn.com/abstract=811525
Business cycles and FDI: evidence from German sectoral data,"Buch C., Lipponer A.",BBk Discussion Paper,MIDI,dataset-008,Working_Paper_Buch_CM_Lipponer,,https://ssrn.com/abstract=2785096
German bank lending to industrial and non-industrial countries: driven by fundamentals or different treatment?,Nestmann T.,BBk Discussion Paper,MIMIK,dataset-005,Working_Paper_Nestmann,,https://ssrn.com/abstract=791444
Taxes and the financial structure of German inward FDI,"Ramb F., Weichenrieder A.", Review of World Economics (Weltwirtschaftliches Archiv) ,MIDI,dataset-008,Working_Paper_Ramb_Weichenrieder,,https://ssrn.com/abstract=638604
Do banks diversify loan portfolios? A tentative answer based on individual bank loan portfolios,"Kamp A., Pfingsten A., Porath D.",BBk Discussion Paper,VJKRE,dataset-381,Working_Paper_Kamp_Pfingsten_Porath,,https://ssrn.com/abstract=2793961
Measurement matters: Input price proxies and bank efficiency in Germany,Koetter M.,BBk Discussion Paper,"BISTA, GUV","dataset-013, dataset-385",Working_Paper_Koetter_Michael,,https://ssrn.com/abstract=2793959
Clustering or competition? The foreign investment behaviour of German banks,"Lipponer A., Buch C. ",BBk Discussion Paper,"MIDI, BISTA, GUV","dataset-008, dataset-013, dataset-385",Working_Paper_Buch_Lipponer_A,,https://ssrn.com/abstract=524003
How will Basel II affect bank lending to emerging markets? An analysis based on German bank level data,"Liebig T., Porath D., di Mauro B., Wedow M.",BBk Discussion Paper,MIMIK,dataset-005,Working_Paper_Liebig_Porath_diMauro_Wedow,,https://ssrn.com/abstract=627842
FDI versus cross-border financial services: The globalisation of German banks,"Buch C., Lipponer A.",BBk Discussion Paper,"MIDI, BISTA, GUV","dataset-008, dataset-013, dataset-385",Working_Paper_Buch_CM_Lipponer_A,,https://ssrn.com/abstract=524002
German bank lending during emerging market crises: A bank level analysis,"Heid F., Nestmann T., di Mauro B., Westernhagen N.",BBk Discussion Paper,MIMIK,dataset-005,Working_Paper_Heid_Nestmann_diMauro_vonWesternhagen,,https://ssrn.com/abstract=605562
Does capital regulation matter for bank behaviour? Evidence for German savings banks,"Heid F., Porath D., Stolz S.",BBk Discussion Paper,BISTA,dataset-013,Working_Paper_Heid_Porath_Stolz,,https://ssrn.com/abstract=2793955
"Does co-financing by multilateral development banks increase ""risky"" direct investment in emerging markets'",Wezel T.,BBk Discussion Paper,MIDI,dataset-008,Working_Paper_Wezel,,https://ssrn.com/abstract=2785047
Forecasting Credit Portfolio Risk,"Hamerle A., Liebig T., Scheule H.",BBk Discussion Paper,USTAN,dataset-003,Working_Paper_Hamerle_Liebig_Scheule,,https://ssrn.com/abstract=871253
Foreign Bank Entry into Emerging Economies: An Empirical Assessment of the Determinants and Risks Predicated on German FDI Data,Wezel T.,BBk Discussion Paper,MIDI,dataset-008,Working_Paper_Wezel_T,,https://ssrn.com/abstract=2785046
Determinants of German Foreign Direct Investment in Latin American and Asian Emerging Markets in the 1990s,Wezel T.,BBk Discussion Paper,MIDI,dataset-008,Working_Paper_Wezel_Torsten,,https://ssrn.com/abstract=2785197
Determinants of German FDI: New Evidence from Micro-Data,"Toubal F., Kleinert J., Buch C.",Economic Policy 20 ,MIDI,dataset-008,Working_Paper_Buch_Toubal_Kleinert,,https://ssrn.com/abstract=392681
A Vectorautoregressive Investment Model (VIM) and Monetary Policy Transmission: Panel Evidence from German Firms,"Kalckreuth U, Chirinko R., Breitung J.",BBk Discussion Paper,USTAN,dataset-003,Working_Paper_Breitung_Chirinko_vonKalckreuth,,https://ssrn.com/abstract=2785190
Dynamic Q-investment functions for Germany using panel balance sheet data and a new algorithm for the capital stock at replacement values,"Bellgardt E., Behr A.",BBk Discussion Paper,USTAN,dataset-003,Working_Paper_Behr_Bellgardt,,https://ssrn.com/abstract=2785159
Estimating Bilateral Exposures in the German Interbank Market: Is there a Danger of Contagion?,"Upper C., Worms A.",BBk Discussion Paper,BISTA,dataset-013,Working_Paper_Upper_Worms,,https://ssrn.com/abstract=304454
Testing for Competition Among German Banks,Hempell H.,BBk Discussion Paper,"BISTA, GUV","dataset-013, dataset-385",Working_Paper_Hempell,,https://ssrn.com/abstract=304343
Firm Investment and Monetary Policy Transmission in the Euro Area,"Kalckreuth U., Hernando I., Generale A., Chatelain J., Vermeulen P.",BBk Discussion Paper,USTAN,dataset-003,Working_Paper_Chatelain_Generale_Hernando_vonKalckreuth_Vermeulen,,https://ssrn.com/abstract=303122
Monetary transmission in Germany: New Perspectives on Financial Constraints and Investment Spending,Kalckreuth U.,BBk Discussion Paper,USTAN,dataset-003,Working_Paper_vonKalckreuth,,https://ssrn.com/abstract=299385
Monetary policy effects on bank loans in Germany: A panel-econometric analysis,Worms A.,BBk Discussion Paper,BISTA,dataset-013,Working_Paper_Worms,,https://ssrn.com/abstract=303240
Interbank lending and monetary policy transmission: evidence for Germany,"Ehrmann M., Worms A.",BBk Discussion Paper,BISTA,dataset-013,Working_Paper_Worms,,https://ssrn.com/abstract=303243
Exploring the role of uncertainty for corporate investment decisions in Germany,Kalckreuth U.,BBk Discussion Paper,USTAN,dataset-003,Working_Paper_vonKalckreuth_U,,https://ssrn.com/abstract=299484
Enterprises' financing structure and their response to monetary policy stimuli: An analysis based on the Deutsche Bundesbank's corporate balance sheet statistics,Stöß E.,BBk Discussion Paper,USTAN,dataset-003,Working_Paper_Stöß,,https://ssrn.com/abstract=2785791
The impact of nonprofit taxes on foreign direct investment: Evidence from German multinationals,"Georg Wamser, Thiess Buettner","International Tax and Public Finance, volume 16(3), pp. 298-320",MIDI,dataset-008,Working_Paper_Buettner_T_Wamser_G,,https://ideas.repec.org/a/kap/itaxpf/v16y2009i3p298-320.html
Global Production with Export Platforms,Felix Tintelnot,Quarterly Journal of Economics,MIDI,dataset-008,Working_Paper_Tintelnot,,https://ssrn.com/abstract=1846673
Multinational Firms and Tax Havens,"Anna Gumpert, James R. Hines Jr., and Monika Schnitzer","The Review of Economics and Statistics, volume 98(4), pp. 713–727",MIDI,dataset-008,Discussion_Paper_Gumpert_Hines_Schnitzer,,https://ssrn.com/abstract=593546
Evaluating the effects of ACE systems on multinational debt financing and investment,"Shafik Hebous, Martin Ruf","Journal of Public Economics, volume 156, pp. 131-149",MIDI,dataset-008,Working_Paper_Hebous_Ruf,,https://ssrn.com/abstract=2613819
What happens if private accounting information becomes public? The case of access to bank debt,"Snjezana Deno, Thomas R. Loy, Carsten Homburg",NA,"MIMIK, USTAN","dataset-005, dataset-003",,,https://www.researchgate.net/publication/321234853_What_Happens_if_Private_Accounting_Information_Becomes_Public_The_Case_of_Access_to_Bank_Debt
"You might not get what you need: The discrepancy between financial,advice and commissions in Germany,You might not get what you need: The discrepancy between financial advice and commissions in Germany","Mark Mietzner, Manuel Molterer","Economics Letters, vloume 162,pp. 167-170",PHF,dataset-382,,,https://www.sciencedirect.com/science/article/pii/S0165176517304597
The Pricing of FX Forward Contracts: Micro Evidence from Banks' Dollar Hedging,"Puriya Abbassi, Falk Bräuning", available at SSRN Electronic Journal: https://ssrn.com/abstract=31173,"AUSTA, BISTA","dataset-380, dataset-013",,,https://ssrn.com/abstract=3117397
"Unconventional Monetary Policy, Bank Lending, and Security Holdings: The Yield-Induced Portfolio Rebalancing Channel",Karol Paludkiewicz, Deutsche Bundesbank Discussion Paper (22/2018),"BISTA, VJKRE, ZISTA, GUV, SHS-BASE","dataset-013, dataset-381, dataset-012, dataset-385, dataset-431",Discussion_Paper_Paludkiewicz,,https://ssrn.com/abstract=3214522
P2P Lenders versus Banks: Cream Skimming or Bottom Fishing?,"Calebe de Roure, Pelizzon Loriana, Thakor Anjan","SAFE Working Paper No. 206., available at SSRN: https://ssrn.com/abstract=3174632","ZISTA, BISTA","dataset-012, dataset-013",,,https://ssrn.com/abstract=3174632
Rent-Seeking in Elite Networks,"Vikrant Vig, David Schoenherr, Rainer F. Haselmann","Journal of Political Economy (forthcoming), currently available at SSRN Electronic Journal",USTAN,dataset-003,,,https://ssrn.com/abstract=2911062
Household Financial Risk Tolerance in Europe,Nora Laurinaityte,available at SSRN Electronic Journal: https://ssrn.com/abstract=3175881,PHF,dataset-382,,,https://ssrn.com/abstract=3175881
Intra-household allocation of non-mandatory retirement savings,Christoph Metzger,"The Journal of the Economics of Ageing, Vol. 12.",PHF,dataset-382,Working_Paper_Metzger,,https://ssrn.com/abstract=2774243
"The Effect of International Taxation on Organizational Form Choices: Evidence from Group Structures of Multinationals,International Taxation and the Role of Organizational Form,Choices for Group Structures of Multinationals","Harald Amberger, Saskia Kohlhase"," WU International Taxation Research Paper Series (02/2017), available at SSRN Electronic Journal: https://ssrn.com/abstract=2929347)",MIDI,dataset-008,,,https://epub.wu.ac.at/7273/
Determinants of bank-level deposit volatility: Evidence from the German banking system,"Daniel Streit, Marc Lange, Paul Stephan",available at SSRN Electronic Journal: https://www.ssrn.com/abstract=2862034,BISTA,dataset-013,,,https://ssrn.com/abstract=2862034
"Historical Antisemitism, Ethnic Specialization, and Financial Development","Francesco D'Acunto, Marcel Prokopczuk, Michael Weber",The review of Economic Studies,PHF,dataset-382,Working_Paper_DAcunto_Prokopczuk_Weber,,https://ssrn.com/abstract=3029643
"The Good, the Bad, and the Ugly: Impact of Negative Interest Rates and QE on the Profitability and Risk-Taking of 1600 German Banks",Florian Urbschat,Munich Discussion Paper,"BISTA, GUV","dataset-013, dataset-385",Working_Paper_Urbschat,,https://ssrn.com/abstract=3338686
Investment dispersion and the business cycle,"Rüdiger Bachmann, Christian Bayer",American Economic Review,USTAN,dataset-003,Working_Paper_Bachmann_Bayer_2,,https://ssrn.com/abstract=1411367
Transfer pricing as tax avoidance under different legislative schemes,Carolin Holzmann,Beiträge zur Jahrestagung des Vereins für Socialpolitik,"MIDI, SITS","dataset-008, dataset-015",Working_Paper_Holzmann,,https://ssrn.com/abstract=3164103
Ownership Disclosure and Ownership Structure: Investors' Response to Lower Reporting Thresholds,Sarah Kröchert,SSRN Discussion Paper,SHS-BASE,dataset-431,,,https://papers.ssrn.com/sol3/Papers.cfm?abstract_id=3020023
Investment Impact of Tax Loss Treatment - Empirical Insights from a Panel of Multinationals,D. Dreßler und M. Overesch,Canadian Journal of Economics,MIDI,dataset-008,Working_Paper_Dreßler_Overesch,,https://link.springer.com/article/10.1007/s10797-012-9240-1
Internal Debt and Multinational Profit Shifting: Empirical Evidence from Firm-Level Panel Data,"T. Büttner and Wamser, G.", National Tax Journal,MIDI,dataset-008,,,https://ideas.repec.org/a/ntj/journl/v66y2013i1p63-95.html
Bilateral Internal Debt Financing and Tax Planning of Muiltinational Firms,"M. Overesch and Wamser, G.",Review of Quantitative Finance and Accounting,MIDI,dataset-008,,,https://link.springer.com/article/10.1007/s11156-012-0339-3
The Impact of Thin-Capitalization Rules on the Capital Structure of Multinational Firms,"Büttner, Thiess, Michael Overesch, Ulrich Schreiber und Georg Wamser",Journal of Public Economics,MIDI,dataset-008,Working_Paper_Büttner_Overesch_Schreiber_Wamser,,https://ssrn.com/abstract=2398815
Information Costs and Internationalization Performance,"Fisch, J.H.",Global Strategy Journal,MIDI,dataset-008,Working_Paper_Fisch,,https://ssrn.com/abstract=1860026
The taxation of passive foreign investment - Lessons from German experience,"Ruf, Weichenrieder",Canadian Journal of Economics,MIDI,dataset-008,,,https://ssrn.com/abstract=1392203
Tax Status and Tax Response Heterogeneity of Multinationals' Debt Finance,"Büttner, Thiess, Michael Overesch, und Georg Wamser", Finanzarchiv,MIDI,dataset-008,,,https://ideas.repec.org/a/mhr/finarc/urnsici0015-2218(291106)672_103tsatrh_2.0.tx_2-8.html
Corporation Taxes and the Debt Policy of Multinational Firms - Evidence for German Multinationals,"Büttner, Thiess, Michael Overesch, Ulrich Schreiber und Georg Wamser", Zeitschrift für Betriebswirtschaft,MIDI,dataset-008,,,https://www.researchgate.net/publication/271877664_Corporation_taxes_and_the_debt_policy_of_multinational_firms
The role of operational flexibility in the expansion of international production networks,"Fisch, J H and M Zschoche",Strategic Management Journal,MIDI,dataset-008,,,https://www.researchgate.net/publication/261531722_The_role_of_operational_flexibility_in_the_expansion_of_international_production_networks
International Profit Shifting and Multinational Firms in Developing Economies,"Fuest, C, S Hebous and N Riedel","Taxation in Developing Economics, MIT Press",MIDI,dataset-008,Working_Paper_Fuest_Hebous_Riedel,,https://www.theigc.org/wp-content/uploads/2014/10/Fuest-Et-Al-2011-Working-Paper.pdf
The effects of taxation on the location decision of multinational firms: M&A vs. Greenfield investments,Hebous/Ruf/Weichenrieder, National Tax Journal,MIDI,dataset-008,Working_Paper_Hebous_Ruf_Weichenrieder,,https://ssrn.com/abstract=1624789
FDI and Domestic Investment: An Industry-Level View,"Arndt, C, C Buch and M Schnitzer",The B.E. Journals of Economic Analysis and Policy,MIDI,dataset-008,Working_Paper_Arndt_Buch_Schnitzer,,https://ssrn.com/abstract=1649684
Debt financing and sharp currency depreciations: wholly versus partially-owned multinational affiliates,"Hebous S, A J Weichenrieder",Review of World Economics,MIDI,dataset-008,,,https://link.springer.com/article/10.1007/s10290-010-0055-9
German Firms in Service Trade,"Kelle, M and J Kleinert",Applied Economics Quarterly,"MIDI, SITS","dataset-008, dataset-015",Working_Paper_Kelle_Kleinert,,https://ssrn.com/abstract=1431450
Corporate Tax Planning and Thin-Capitalzation Rules: Evidence from a Quasi-Experiment,"Overesch, M and G Wamser",Applied Economics,MIDI,dataset-008,,,https://www.tandfonline.com/doi/full/10.1080/00036840701704477
 Holding als Mittel der Steuerplanung zur Implementierung von steuerlich motiviertem Fremdkapital,"Ruf, M ",Zeitschrift für betriebswirtschaftliche Forschung,MIDI,dataset-008,,,https://link.springer.com/article/10.1007/BF03373682
The Long Shadow of the Berlin Wall,"Buch, C and F Toubal",Journal of Macroeconomics,MIDI,dataset-008,Working_Paper_Buch_Toubal,,https://ssrn.com/abstract=2745394
Taxation and Capital Structure Choice – Evidence from a Panel of German Multinationals,"Büttner, T, M Overesch, U Schreiber and G Wamser ", Economics Letters,MIDI,dataset-008,Working_Paper_Buettner_Overesch_Schreiber_Wamser,,https://ssrn.com/abstract=981120
The Effects of Multinationals’ Profit Shifting Activities on Real Investments,"Overesch, M",National Tax Journal,MIDI,dataset-008,Working_Paper_Overesch,,https://ssrn.com/abstract=1080553
Who Cares about Corporate Taxation? Asymmetric Tax Effects on Outbound FDI,"Overesch, M and G Wamser",The World Economy,MIDI,dataset-008,,,https://ssrn.com/abstract=1521266
 Profit shifting in the EU: Evidence from Germany,"Weichenrieder, A J ", International Tax and Public Finance,MIDI,dataset-008,Working_Paper_Weichenrieder,,https://ssrn.com/abstract=998420
Job Creation Abroad and Worker Retention at Home,"Mündler, M and S Becker", The Analysis of Firms and Employees: Quantitative and Qualitative Approaches,MIDI,dataset-008,,,https://ideas.repec.org/h/nbr/nberch/9120.html
Corporate Tax Planning and Thin-Capitalization Rules: Evidence from a Quasi Experiment,"Overesch, M., and G. Wamser",Applied Economics,MIDI,dataset-008,,,https://www.tandfonline.com/doi/full/10.1080/00036840701704477
" Foreign direct investment, corporate finance, and the life cycle of investment","Gersl, A., and M. Hlavacek",Czech Journal of Economics and Finance,MIDI,dataset-008,,,http://journal.fsv.cuni.cz/storage/1087_fau_9_10_2007_00000036.pdf
Foreign direct investment and the Czech corporate sector: potential risks to financial stability,"Gersl, A., and M. Hlavacek","Financial Stability Report 2006, Czech National Bank",MIDI,dataset-008,,,http://journal.fsv.cuni.cz/storage/1087_fau_9_10_2007_00000036.pdf
"Where Enterprises Lead, People Follow? Links Between Migration and German FDI","Buch, C.M., Kleinert, J., and F. Toubal",European Economic Review,MIDI,dataset-008,Working_Paper_Buch_M_Kleinert_Toubal,,https://ssrn.com/abstract=523962
 Location Choice and Employment Decisions: A Comparison of German and Swedish Multinationals,"Becker, S. O., K. Ekholm, R. Jäckle, and M.-A. Muendler",Review of World Economics,MIDI,dataset-008,Working_Paper_Muendler_Jäckle_Ekholm_Becker,,https://ssrn.com/abstract=648081
The organization of knowledge in multinational firms,"Gumpert, A.",BBk Discussion Paper,MIDI,dataset-008,Working_Paper_Gumpert,,https://ssrn.com/abstract=231202
Environmental Regulation and Foreign Direct Investment: The Role of Mode of Entry,"Bialek, S. and Weichenrieder, Alfons J.",,MIDI,dataset-008,Working_Paper_Bialek_Weichenrieder,,https://ideas.repec.org/a/ces/ifodic/v13y2016i04p41-47.html
At Your Service! The Role of Tax Havens in International Trade with Services,"Hebous, Shafik and Niels Johannesen ",,MIDI,dataset-008,Working_Paper_Hebous_Johannesen,,https://ssrn.com/abstract=2627083